<?xml version="1.0" encoding="UTF-8"?>
<project-private xmlns="http://www.netbeans.org/ns/project-private/1">
    <editor-bookmarks xmlns="http://www.netbeans.org/ns/editor-bookmarks/2" lastBookmarkId="0"/>
    <open-files xmlns="http://www.netbeans.org/ns/projectui-open-files/2">
        <group>
            <file>file:/C:/Users/dsant/Downloads/Libreria/Libreria/src/co/edu/konradlorenz/view/Ventana.java</file>
            <file>file:/C:/Users/dsant/Downloads/Libreria/Libreria/src/co/edu/konradlorenz/model/LibroFisico.java</file>
            <file>file:/C:/Users/dsant/Downloads/Libreria/Libreria/src/co/edu/konradlorenz/controlller/AplMain.java</file>
            <file>file:/C:/Users/dsant/Downloads/Libreria/Libreria/src/co/edu/konradlorenz/model/LibroInvalidoException.java</file>
            <file>file:/C:/Users/dsant/Downloads/Libreria/Libreria/src/co/edu/konradlorenz/model/Vendible.java</file>
            <file>file:/C:/Users/dsant/Downloads/Libreria/Libreria/src/co/edu/konradlorenz/model/LibroColeccionable.java</file>
            <file>file:/C:/Users/dsant/Downloads/Libreria/Libreria/src/co/edu/konradlorenz/model/Libro.java</file>
            <file>file:/C:/Users/dsant/Downloads/Libreria/Libreria/src/co/edu/konradlorenz/model/LibroDigital.java</file>
            <file>file:/C:/Users/dsant/Downloads/Libreria/Libreria/src/co/edu/konradlorenz/controlller/Controlador.java</file>
        </group>
    </open-files>
</project-private>
